{"9OHhW8gGE4orimyFppkZdw==":"logo%20big%20png%201-122x152.png","We6rHIiOEr+FHju81nvTbA==":"sbpm%20logo%20without%20background%202-102x125.png","hpPBXJmi21aGKzciZ1/1YA==":"slider%202-1920x1280.png","csUIPrbQ/ZsEwK9D8wSqpA==":"image%203-1068x1294.png","oNB81cHvQEJT09qjEHjy7A==":"image%203-1068x1294.png","SmaF71CdUJGBlaVwIQY91w==":"logo%20big%20png%201-192x239.png","ym5CKiLvuQ6zDdAXXXJ7Rw==":"sbpm%20logo%20without%20background%202-154x189.png","ELAEB2rgSJEhyMG0zgwr0w==":"sbpm%20logo%20without%20background%202-192x236.png","F6PYxMxNDu0qTb32KoeY/Q==":"concert-2527495-1280-1280x720.jpg","NccEa2bR1ACn7jqbDpczyw==":"business-3370832-1920-1920x1280.jpg","D+I+fxaLVOSxCgc8WOUxUg==":"4321d591-ed2a-4389-8986-3822c6a4da8e-1024x1021.jpg","VNCNWR6R4LF5/QWvadQyeg==":"img-3655-2000x1500.jpg","qhjy/6a5eAxWUBM+5dDIUA==":"20170820-145823-2000x1125.jpg","JwJbXND4bR44CZYrvnQr0g==":"20170819_192415%20(1)-2000x1125.jpg","1XDb7rG8Q613kfoxq1T9Sw==":"2d0b04ca-bfaf-46a8-bd49-7c49fc88f0f4-1280x1280.jpg","RcbYjsvjbfQ/uw/P9xllKQ==":"e708bd0a-8a9a-44a9-9b1d-0d26e2b33457-712x534.jpg","AbgKrlU1+4pOLTqNh3Z+qg==":"2d0b04ca-bfaf-46a8-bd49-7c49fc88f0f4%20(1)-712x712.jpg","hrjDViw4X86sv4wu6sUUXw==":"7422e401-9e32-4b27-ac28-70c3a4893123-600x600.jpg","R9k1yTyfapecd7+NpAfkdA==":"e708bd0a-8a9a-44a9-9b1d-0d26e2b33457-1-712x534.jpg","x0/kkMpfNtDrsjqbOvBh1g==":"2d0b04ca-bfaf-46a8-bd49-7c49fc88f0f4%20(1)-712x712.jpg","U4YfiN/GfYoEyi5HQpqtJw==":"stage%20acts%204-960x638.jpg","TXWrVrsHEE/HyGR8Ha1Scg==":"stage%20acts%2010%20(1)-676x449.jpg","NyE+tlYeex+SvVhT+fEJVg==":"brothers%208-676x507.jpg","Hbt9RTTSsHj7sm6ya9+E1w==":"brothers%208-676x507.jpg","fchyQtUpA+xfgss9/FctMA==":"brothers%208-676x507.jpg","14y6niGPn+e+ALRARBiulA==":"brothers%208-676x507.jpg","j4P5dSW+COcqatR7dqFj9w==":"brothers%208-676x507.jpg","OytrMsfX9e5DyD6ICeIVJA==":"brothers%208-676x507.jpg","5N2ChiXE4W+ej9+qRqmmHQ==":"20170820_145823%20(1)-676x380.jpg","ZfQw1jTnbeV9DL3OkIocKA==":"stage%20acts%2010%20(1)-960x638.jpg","3exmiMsRcVYE3SpipjrMdw==":"sbpm%20pic%2010-1229x1229.jpg","0DgvsL9dxIwwH8E4ezPPPw==":"brothers%208-960x720.jpg","C5Ai87V9RAFKkppJaVDAcQ==":"brothers%208-960x720.jpg","bN5T7vffrJ9Dsqg1SRY9TA==":"img-3656-2000x1500.jpg","RDJHvJmq6nhhYpYO6gaE8Q==":"20170820_145823%20(1)-2000x1125.jpg","CYUVnKk0gytJx5SDZ0vUIw==":"20170819_192415%20(1)-2000x1125.jpg","WtGqzr90lUmK7izynvEDeA==":"img-1541-2000x1500.jpg","L+xNTxMKsFcElioop+5b0Q==":"img-3644-2000x1500.jpg","KJUy0+orfn2ZAmdss8tmzQ==":"img-1536-2000x1500.jpg","0CMbCWzfQkRCaCVu3uKyTA==":"img-1537-2000x1500.jpg","sb+v1f8NAhBxWTrrF9APJg==":"img-1542-2000x1500.jpg","lkRsXz3644AIlwStVur+Iw==":"img-1538-2000x1500.jpg","RvMJoGQHLIMtVOPN1KWkug==":"img-1539-2000x1500.jpg","vIquVAkBqemLCuyCSHG7WQ==":"img-1540-2000x1500.jpg","TnsTyjbrPs6rqbKMh/xo6A==":"img-1543-2000x1500.jpg","ZvnVhAUFreOG+7zL6lzPGA==":"rbg%20flag-1200x800.png","5xSf9Wwy2YNen1u6FBP6qQ==":"sbpm%20pic%2010-712x712.jpg","esl1pbxm5iIQ7YRoAj/4RQ==":"0ab8878e-f0e4-427b-8656-503899b52962-600x600.jpg","DWgNRLgq6+CnSgNpflGRkQ==":"mobirise2019615_853182019-6-1_14-40-5.jpg","Z3SGddCMK/K3RO78VF7FuA==":"mobirise2019615_853182019-6-1_14-41-24.jpg","UZsCmUNznC3Sxzeq3sH3lg==":"mobirise2019615_853182019-6-1_14-43-47.jpg","X/5uHXb5krNftCnv2W230Q==":"mobirise2019615_853182019-6-1_14-45-18.jpg"}